{
    "norm_stats": {
        "state": {
            "mean": [
                -0.04627053812146187,
                0.033214159309864044,
                0.7603190541267395,
                2.972443103790283,
                -0.22164343297481537,
                -0.12609195709228516,
                0.026947366073727608,
                -0.02726447768509388
            ],
            "std": [
                0.10446249693632126,
                0.15255479514598846,
                0.38032275438308716,
                0.341808021068573,
                0.9101425409317017,
                0.3238862454891205,
                0.01409610453993082,
                0.013975891284644604
            ],
            "q01": [
                -0.40264296531677246,
                -0.2693902850151062,
                0.032333534210920334,
                1.51686692237854,
                -2.707751512527466,
                -1.0722523927688599,
                0.0017349327681586146,
                -0.04005349054932594
            ],
            "q99": [
                0.13246995210647583,
                0.3331639766693115,
                1.2699995040893555,
                3.2858035564422607,
                2.43430233001709,
                0.5985311269760132,
                0.04027102142572403,
                -0.0017932839691638947
            ]
        },
        "actions": {
            "mean": [
                0.03323213383555412,
                0.12604080140590668,
                -0.054712582379579544,
                -0.031389228999614716,
                -0.019901977851986885,
                -0.018572364002466202,
                -0.03554443269968033
            ],
            "std": [
                0.3112308979034424,
                0.41109007596969604,
                0.4724865257740021,
                0.15530578792095184,
                0.29444247484207153,
                0.18644636869430542,
                0.9993681311607361
            ],
            "q01": [
                -0.7370696067810059,
                -0.8334008455276489,
                -1.0257488489151,
                -0.6362612247467041,
                -0.9341999292373657,
                -0.5425786375999451,
                -1.0
            ],
            "q99": [
                0.9477412700653076,
                1.08870530128479,
                0.9931197166442871,
                0.3419286012649536,
                1.0367672443389893,
                0.5032109022140503,
                0.9995999336242676
            ]
        }
    }
}