{
  "norm_stats": {
    "actions": {
      "mean": [
        0.0,
        0.0,
        0.0,
        0.0,
        0.0,
        0.022907525300979614,
        0.009782235138118267,
        -0.03428284078836441,
        0.0073360842652618885,
        -0.023445039987564087,
        -0.0029897589702159166,
        0.34754544496536255,
        0.0,
        0.0,
        0.0,
        0.0,
        0.0,
        0.0,
        0.0,
        0.0,
        0.0,
        0.0,
        0.0,
        0.0,
        0.0,
        0.0,
        0.0,
        0.0,
        0.0,
        0.0,
        0.0,
        0.0
      ],
      "std": [
        0.0,
        0.0,
        0.0,
        0.0,
        0.0,
        0.42552411556243896,
        0.41591334342956543,
        0.37539243698120117,
        0.15003623068332672,
        0.15707702934741974,
        0.14076393842697144,
        0.4761907458305359,
        0.0,
        0.0,
        0.0,
        0.0,
        0.0,
        0.0,
        0.0,
        0.0,
        0.0,
        0.0,
        0.0,
        0.0,
        0.0,
        0.0,
        0.0,
        0.0,
        0.0,
        0.0,
        0.0,
        0.0
      ],
      "q01": [
        0.0,
        0.0,
        0.0,
        0.0,
        0.0,
        -1.0,
        -1.0,
        -1.0,
        -0.4284,
        -0.5324,
        -0.4139999999999999,
        0.0,
        0.0,
        0.0,
        0.0,
        0.0,
        0.0,
        0.0,
        0.0,
        0.0,
        0.0,
        0.0,
        0.0,
        0.0,
        0.0,
        0.0,
        0.0,
        0.0,
        0.0,
        0.0,
        0.0,
        0.0
      ],
      "q99": [
        0.0,
        0.0,
        0.0,
        0.0,
        0.0,
        0.9996,
        0.9996,
        0.9996,
        0.4796,
        0.3992,
        0.4256,
        0.9998,
        0.0,
        0.0,
        0.0,
        0.0,
        0.0,
        0.0,
        0.0,
        0.0,
        0.0,
        0.0,
        0.0,
        0.0,
        0.0,
        0.0,
        0.0,
        0.0,
        0.0,
        0.0,
        0.0,
        0.0
      ]
    },
    "state": {
      "mean": [
        2.537057399749756,
        -1.5157359838485718,
        0.700605034828186,
        0.0,
        0.0,
        0.27608609199523926,
        0.639848530292511,
        0.26595669984817505,
        -0.040735501796007156,
        0.5537248849868774,
        -0.14954927563667297,
        0.12541231513023376,
        0.0028078844770789146,
        0.20839054882526398,
        0.031112153083086014,
        -0.03097984381020069,
        0.0,
        0.0,
        0.0,
        0.0,
        0.0,
        0.0,
        0.0,
        0.0,
        0.0,
        0.0,
        0.0,
        0.0,
        0.0,
        0.0,
        0.0,
        0.0
      ],
      "std": [
        1.4660300016403198,
        0.8559655547142029,
        0.0,
        0.0,
        0.0,
        0.6222122311592102,
        0.3566877543926239,
        0.19168336689472198,
        0.25870606303215027,
        0.2461785078048706,
        0.7685157656669617,
        0.3632254898548126,
        0.3766959607601166,
        0.2324310541152954,
        0.013331366702914238,
        0.013372254557907581,
        0.0,
        0.0,
        0.0,
        0.0,
        0.0,
        0.0,
        0.0,
        0.0,
        0.0,
        0.0,
        0.0,
        0.0,
        0.0,
        0.0,
        0.0,
        0.0
      ],
      "q01": [
        0.49973749126791955,
        -4.103913832902908,
        0.6999320886611938,
        0.0,
        0.0,
        -1.0,
        0.0,
        -0.2521066743850708,
        -0.6184505345106125,
        0.07535902171619235,
        -0.9979996483922005,
        -0.6843882521867752,
        -0.7817656269073486,
        0.0007786330692622983,
        -0.00005151428580284223,
        -0.040363862174749375,
        0.0,
        0.0,
        0.0,
        0.0,
        0.0,
        0.0,
        0.0,
        0.0,
        0.0,
        0.0,
        0.0,
        0.0,
        0.0,
        0.0,
        0.0,
        0.0
      ],
      "q99": [
        5.598286609190702,
        -0.7797432925999166,
        0.7072190482139588,
        0.0,
        0.0,
        0.9996,
        0.9998,
        0.7359085832595826,
        0.6053301926612853,
        0.9778800740510225,
        0.9951943520069124,
        0.8486241198420523,
        0.7682263881921769,
        0.8024008470200994,
        0.04064831429719924,
        -0.00043580376505851504,
        0.0,
        0.0,
        0.0,
        0.0,
        0.0,
        0.0,
        0.0,
        0.0,
        0.0,
        0.0,
        0.0,
        0.0,
        0.0,
        0.0,
        0.0,
        0.0
      ]
    }
  }
}