{
  "norm_stats": {
    "state": {
      "mean": [
        0.30944663286209106,
        0.030725788325071335,
        0.06444421410560608,
        0.00649074325338006,
        -0.07719618082046509,
        0.10766178369522095,
        0.0,
        0.7090423107147217
      ],
      "std": [
        0.060635533183813095,
        0.091958187520504,
        0.051586128771305084,
        0.13122932612895966,
        0.16925333440303802,
        0.5788140892982483,
        0.0,
        0.35135066509246826
      ],
      "q01": [
        0.17081008851528168,
        -0.17047524452209473,
        -0.05580350011587143,
        -0.36559414863586426,
        -0.543240487575531,
        -1.3572391271591187,
        0.0,
        0.051920171827077866
      ],
      "q99": [
        0.4529933035373688,
        0.23464670777320862,
        0.19466319680213928,
        0.3767092227935791,
        0.27400684356689453,
        1.8482158184051514,
        0.0,
        1.0104520320892334
      ]
    },
    "actions": {
      "mean": [
        0.00022731945500709116,
        0.00013112067244946957,
        -0.000126416256534867,
        -0.00014410920266527683,
        -0.0003903077158611268,
        0.00024063372984528542,
        0.5766201019287109
      ],
      "std": [
        0.009782361797988415,
        0.013714045286178589,
        0.012687387876212597,
        0.02848990075290203,
        0.030552811920642853,
        0.0775114968419075,
        0.4940855801105499
      ],
      "q01": [
        -0.02875259518623352,
        -0.04170215129852295,
        -0.026096731424331665,
        -0.08052898198366165,
        -0.09249955415725708,
        -0.20738619565963745,
        0.0
      ],
      "q99": [
        0.0283067524433136,
        0.040898602455854416,
        0.04018072038888931,
        0.08173403143882751,
        0.07760827243328094,
        0.2038472294807434,
        1.0
      ]
    }
  }
}